ID Global,Code Série,Titre de la Vidéo,Concept / Playlist,Texte Miniature,Visuel Miniature,Hook (0-15s),Mots-Clés (15 tags),Description Complète
EP#01,B1-B2_01,Why Your Brain Goes Blank in English (And How to Fix It!),B1-B2 Series,Stop Awkward Silences | Small Talk | EP 1 | LEVEL: B1-B2,Maya en stress avec une tasse de café et Leo qui la pointe du doigt,Do you ever start speaking English and your brain just completely freezes? Let's fix that today.,"#speakenglishwithflow, #brainblank, #englishpodcast, #learnenglishfast, #b1english, #b2english, #englishspeakingpractice, #englishlisteningpractice, #speakenglishfluently, #englishconversation, #englishforbeginners, #dailyenglish, #englishmindset, #englishlearningtips","In this English podcast for learning English conversation, enjoy real English listening practice with Maya and Leo. Today we discuss why your brain goes blank and how to fix it. Perfect for B1-B2 learners. Subscribe to Speak English With Flow for daily English conversation practice!"
EP#02,B1-B2_02,English Podcast For Daily Life | Talk About Dreams and Goals | B1-B2 English,B1-B2 Series,STOP DREAMING! Do this instead | EP2 | B1-B2,Maya exclamative et Leo avec prise de conscience dans un studio cosy,"Why do we all have big dreams but struggle to achieve them? Today, we reveal the harsh truth about goals.","#speakenglishwithflow, #dreamsandgoals, #englishpodcast, #learnenglishfast, #b1english, #b2english, #englishspeakingpractice, #englishlisteningpractice, #speakenglishfluently, #englishconversation, #englishforbeginners, #dailyenglish, #englishmindset, #englishlearningtips","In this English podcast for learning English conversation, enjoy real English listening practice with Maya and Leo. We talk about dreams, goals, and the Shiny Object Syndrome. Perfect for B1-B2 learners. Subscribe to Speak English With Flow for daily English conversation practice!"
EP#03,MIND-01,How to Stop Translating in Your Head | English Podcast B1-B2,Mindset & Confidence,STOP TRANSLATING!,"Maya et Leo, bulle barrée French->English",Do you freeze when someone speaks to you in English? Let's fix that.,"#speakenglishwithflow, #thinkinenglish, #stoptranslating, #englishpodcast, #learnenglishfast, #b1english, #b2english, #englishspeakingpractice, #englishlisteningpractice, #speakenglishfluently, #englishconversation, #englishforbeginners, #dailyenglish, #englishmindset, #englishlearningtips","In this English podcast for learning English conversation, spend 25 minutes enjoying real English listening practice with Maya and Leo. Today we discuss how to stop translating in your head and think directly in English. Perfect for B1-B2 learners. Subscribe to Speak English With Flow for daily English conversation practice!"
EP#04,MIND-02,Speak English Without Fear of Making Mistakes | Daily Conversation,Mindset & Confidence,DON'T BE AFRAID!,Maya rassurant Leo qui tient une liste de fautes barrées,What if making mistakes is actually the fastest way to speak English fluently?,"#speakenglishwithflow, #englishconfidence, #fearofspeaking, #englishpodcast, #learnenglishfast, #b1english, #b2english, #englishspeakingpractice, #englishlisteningpractice, #speakenglishfluently, #englishconversation, #englishforbeginners, #dailyenglish, #englishmindset, #englishlearningtips","In this English podcast for learning English conversation, spend 25 minutes enjoying real English listening practice with Maya and Leo. We discuss why making mistakes is the secret to fluency and how to overcome the fear of speaking. Perfect for B1-B2 learners. Subscribe to Speak English With Flow for daily English conversation practice!"
EP#05,CAR-01,How to Talk to Anyone at Work with Confidence | Professional English,Career & Professional,SPEAK AT WORK!,"Leo confiant à la pause café avec Maya, décor pro",What do you say when your boss or an international colleague walks up to you at the coffee machine?,"#speakenglishwithflow, #businessenglish, #englishatwork, #englishpodcast, #learnenglishfast, #b1english, #b2english, #englishspeakingpractice, #englishlisteningpractice, #speakenglishfluently, #englishconversation, #englishforbeginners, #dailyenglish, #englishmindset, #englishlearningtips","In this English podcast for learning English conversation, spend 25 minutes enjoying real English listening practice with Maya and Leo. We master workplace small talk and how to talk to colleagues with confidence. Perfect for B1-B2 learners. Subscribe to Speak English With Flow for daily English conversation practice!"
EP#06,LIFE-01,A Quiet Morning Routine That Improves Your English | Listening Practice,Daily Life & Fluency,MORNING FLOW!,"Tasse chaude, livre et lumière douce sur le décor bleu marine",You don't need two hours of intense studying every day. Just 15 peaceful morning minutes can completely transform your English.,"#speakenglishwithflow, #morningroutineenglish, #dailyenglishhabits, #englishpodcast, #learnenglishfast, #b1english, #b2english, #englishspeakingpractice, #englishlisteningpractice, #speakenglishfluently, #englishconversation, #englishforbeginners, #dailyenglish, #englishmindset, #englishlearningtips","In this English podcast for learning English conversation, spend 25 minutes enjoying real English listening practice with Maya and Leo. Learn how a quiet 15-minute morning routine can boost your fluency. Perfect for B1-B2 learners. Subscribe to Speak English With Flow for daily English conversation practice!"
EP#07,LIFE-02,How to Keep a Conversation Going Without Awkward Silences,Daily Life & Fluency,NO MORE SILENCE!,Onde sonore centrale en surbrillance entre Maya et Leo,That painful 5-second silence when you don't know what to say next... Let's eliminate it.,"#speakenglishwithflow, #keepconversationgoing, #smalltalktips, #englishpodcast, #learnenglishfast, #b1english, #b2english, #englishspeakingpractice, #englishlisteningpractice, #speakenglishfluently, #englishconversation, #englishforbeginners, #dailyenglish, #englishmindset, #englishlearningtips","In this English podcast for learning English conversation, spend 25 minutes enjoying real English listening practice with Maya and Leo. Discover how to keep any conversation going and avoid awkward silences. Perfect for B1-B2 learners. Subscribe to Speak English With Flow for daily English conversation practice!"
EP#08,MIND-03,Why You Don't Understand Native Speakers (And How to Fix It),Mindset & Confidence,TOO FAST?,Leo avec casque écoutant attentivement le texte 'FAST ENGLISH',Native speakers aren't talking too fast—they are connecting their words! Here is the secret.,"#speakenglishwithflow, #fastenglish, #understandnativespeakers, #englishpodcast, #learnenglishfast, #b1english, #b2english, #englishspeakingpractice, #englishlisteningpractice, #speakenglishfluently, #englishconversation, #englishforbeginners, #dailyenglish, #englishmindset, #englishlearningtips","In this English podcast for learning English conversation, spend 25 minutes enjoying real English listening practice with Maya and Leo. We break down why fast English is hard to understand and how to fix your listening skills. Perfect for B1-B2 learners. Subscribe to Speak English With Flow for daily English conversation practice!"
EP#09,CAR-02,The Power of Saying NO Politely in English | Daily Life Conversation,Career & Professional,SAY NO POLITELY!,Maya avec geste de main doux mais ferme 'No thanks',"Saying 'No' directly in English can sound blunt. Today, we learn the soft art of refusing politely.","#speakenglishwithflow, #saynopolitely, #politeenglish, #englishpodcast, #learnenglishfast, #b1english, #b2english, #englishspeakingpractice, #englishlisteningpractice, #speakenglishfluently, #englishconversation, #englishforbeginners, #dailyenglish, #englishmindset, #englishlearningtips","In this English podcast for learning English conversation, spend 25 minutes enjoying real English listening practice with Maya and Leo. Learn the power of saying no politely and setting boundaries at work and in daily life. Perfect for B1-B2 learners. Subscribe to Speak English With Flow for daily English conversation practice!"
EP#10,MIND-04,Don't Waste Your Time Trying to Sound Perfect in English,Mindset & Confidence,PERFECTION IS A TRAP,Leo déchirant une feuille marquée 'Perfect Grammar',Perfectionism is destroying your English fluency. Let's focus on connection instead.,"#speakenglishwithflow, #perfectionism, #soundnatural, #englishpodcast, #learnenglishfast, #b1english, #b2english, #englishspeakingpractice, #englishlisteningpractice, #speakenglishfluently, #englishconversation, #englishforbeginners, #dailyenglish, #englishmindset, #englishlearningtips","In this English podcast for learning English conversation, spend 25 minutes enjoying real English listening practice with Maya and Leo. Today we explain why perfectionism hurts your progress and how to focus on communicating effectively. Perfect for B1-B2 learners. Subscribe to Speak English With Flow for daily English conversation practice!"
EP#11,LIFE-03,How to Introduce Yourself Naturally in English,Daily Life & Fluency,INTRODUCE YOURSELF,Maya tendant la main avec un grand sourire chaleureux,Stop memorizing a 5-minute speech about your job. Here's how to truly introduce yourself.,"#speakenglishwithflow, #introduceyourself, #englishintroductions, #englishpodcast, #learnenglishfast, #b1english, #b2english, #englishspeakingpractice, #englishlisteningpractice, #speakenglishfluently, #englishconversation, #englishforbeginners, #dailyenglish, #englishmindset, #englishlearningtips","In this English podcast for learning English conversation, spend 25 minutes enjoying real English listening practice with Maya and Leo. Learn how to introduce yourself naturally without sounding like a textbook. Perfect for B1-B2 learners. Subscribe to Speak English With Flow for daily English conversation practice!"
EP#12,CAR-03,How to Speak Better in Meetings at Work | Easy Business English,Career & Professional,CRUSH YOUR MEETINGS,Table de conférence stylisée avec Leo prenant des notes,Want to share your opinion in a meeting but you're too afraid to interrupt? We've got you covered.,"#speakenglishwithflow, #englishmeetings, #businessenglish, #englishpodcast, #learnenglishfast, #b1english, #b2english, #englishspeakingpractice, #englishlisteningpractice, #speakenglishfluently, #englishconversation, #englishforbeginners, #dailyenglish, #englishmindset, #englishlearningtips","In this English podcast for learning English conversation, spend 25 minutes enjoying real English listening practice with Maya and Leo. Learn the key phrases to interrupt politely and share your ideas in English business meetings. Perfect for B1-B2 learners. Subscribe to Speak English With Flow for daily English conversation practice!"
EP#13,MIND-05,Overcoming Social Anxiety When Speaking English,Mindset & Confidence,STOP ANXIETY,"Maya respirant calmement, fond bleu apaisant",Why your brain goes blank when speaking English and how to calm down.,"#speakenglishwithflow, #socialanxiety, #englishconfidence, #englishpodcast, #learnenglishfast, #b1english, #b2english, #englishspeakingpractice, #englishlisteningpractice, #speakenglishfluently, #englishconversation, #englishforbeginners, #dailyenglish, #englishmindset, #englishlearningtips","In this English podcast for learning English conversation, spend 25 minutes enjoying real English listening practice with Maya and Leo. Learn how to manage social anxiety and stay calm during English conversations. Perfect for B1-B2 learners. Subscribe to Speak English With Flow for daily English conversation practice!"
EP#14,LIFE-04,How to Order Coffee and Food in English Like a Native,Daily Life & Fluency,ORDER LIKE A PRO,Tasse de café avec le texte 'I will have...',Simple phrases for ordering food and coffee without hesitating or panicking.,"#speakenglishwithflow, #ordercoffee, #dailylifeenglish, #englishpodcast, #learnenglishfast, #b1english, #b2english, #englishspeakingpractice, #englishlisteningpractice, #speakenglishfluently, #englishconversation, #englishforbeginners, #dailyenglish, #englishmindset, #englishlearningtips","In this English podcast for learning English conversation, spend 25 minutes enjoying real English listening practice with Maya and Leo. We cover the exact phrases native speakers use to order food and coffee. Perfect for B1-B2 learners. Subscribe to Speak English With Flow for daily English conversation practice!"
EP#15,CAR-04,How to Deal with Difficult People in English | Real Life Situations,Career & Professional,STAY CALM,"Leo regardant une montre, expression patiente",How do you stay calm and polite when a conversation gets uncomfortable?,"#speakenglishwithflow, #difficultpeople, #politeenglish, #englishpodcast, #learnenglishfast, #b1english, #b2english, #englishspeakingpractice, #englishlisteningpractice, #speakenglishfluently, #englishconversation, #englishforbeginners, #dailyenglish, #englishmindset, #englishlearningtips","In this English podcast for learning English conversation, spend 25 minutes enjoying real English listening practice with Maya and Leo. Learn how to handle difficult people and tense situations gracefully in English. Perfect for B1-B2 learners. Subscribe to Speak English With Flow for daily English conversation practice!"
EP#16,LIFE-05,The Art of Small Talk: How to Make Friends in English,Daily Life & Fluency,MAKE FRIENDS,Maya et Leo riant ensemble,How to turn a complete stranger into a friend in just 5 minutes of small talk.,"#speakenglishwithflow, #smalltalk, #makefriends, #englishpodcast, #learnenglishfast, #b1english, #b2english, #englishspeakingpractice, #englishlisteningpractice, #speakenglishfluently, #englishconversation, #englishforbeginners, #dailyenglish, #englishmindset, #englishlearningtips","In this English podcast for learning English conversation, spend 25 minutes enjoying real English listening practice with Maya and Leo. Master the art of small talk and learn how to connect with people effortlessly. Perfect for B1-B2 learners. Subscribe to Speak English With Flow for daily English conversation practice!"
EP#17,MIND-06,How to Think Fast in English Under Pressure,Mindset & Confidence,THINK FAST!,Cerveau en néon lumineux avec un chronomètre,Quick mental tricks to respond immediately in English without freezing.,"#speakenglishwithflow, #thinkfast, #englishunderpressure, #englishpodcast, #learnenglishfast, #b1english, #b2english, #englishspeakingpractice, #englishlisteningpractice, #speakenglishfluently, #englishconversation, #englishforbeginners, #dailyenglish, #englishmindset, #englishlearningtips","In this English podcast for learning English conversation, spend 25 minutes enjoying real English listening practice with Maya and Leo. Discover techniques to think faster and respond naturally under pressure. Perfect for B1-B2 learners. Subscribe to Speak English With Flow for daily English conversation practice!"
EP#18,LIFE-06,Daily English Habits That Actually Work (In 15 Minutes a Day),Daily Life & Fluency,15 MIN HABITS,Calendrier avec des coches vertes,You do not need 2 hours a day to become fluent. Here is what actually works.,"#speakenglishwithflow, #englishhabits, #dailyenglish, #englishpodcast, #learnenglishfast, #b1english, #b2english, #englishspeakingpractice, #englishlisteningpractice, #speakenglishfluently, #englishconversation, #englishforbeginners, #dailyenglish, #englishmindset, #englishlearningtips","In this English podcast for learning English conversation, spend 25 minutes enjoying real English listening practice with Maya and Leo. We discuss the 15-minute daily habits that will transform your English fluency. Perfect for B1-B2 learners. Subscribe to Speak English With Flow for daily English conversation practice!"
EP#19,CAR-05,How to Disagree Politely with Your Boss or Colleague in English,Career & Professional,POLITE DISAGREEMENT,Leo avec une posture ouverte et respectueuse,Soft words that make your disagreement sound professional and respectful.,"#speakenglishwithflow, #disagreepolitely, #businessenglish, #englishpodcast, #learnenglishfast, #b1english, #b2english, #englishspeakingpractice, #englishlisteningpractice, #speakenglishfluently, #englishconversation, #englishforbeginners, #dailyenglish, #englishmindset, #englishlearningtips","In this English podcast for learning English conversation, spend 25 minutes enjoying real English listening practice with Maya and Leo. Learn the diplomatic phrases you need to disagree politely at work. Perfect for B1-B2 learners. Subscribe to Speak English With Flow for daily English conversation practice!"
EP#20,MIND-07,How to Stop Overthinking Your Words When Speaking English,Mindset & Confidence,STOP OVERTHINKING,Maya pointant sa tête avec un sourire,Trust the English you already know instead of searching for the perfect word.,"#speakenglishwithflow, #stopoverthinking, #englishfluency, #englishpodcast, #learnenglishfast, #b1english, #b2english, #englishspeakingpractice, #englishlisteningpractice, #speakenglishfluently, #englishconversation, #englishforbeginners, #dailyenglish, #englishmindset, #englishlearningtips","In this English podcast for learning English conversation, spend 25 minutes enjoying real English listening practice with Maya and Leo. We explain how to stop overthinking and start trusting your vocabulary. Perfect for B1-B2 learners. Subscribe to Speak English With Flow for daily English conversation practice!"
EP#21,LIFE-07,Making Plans with Friends in English | Natural Conversation Practice,Daily Life & Fluency,MAKE PLANS,Téléphone affichant des messages amicaux,How to invite people out and accept or refuse invitations naturally.,"#speakenglishwithflow, #makingplans, #socialenglish, #englishpodcast, #learnenglishfast, #b1english, #b2english, #englishspeakingpractice, #englishlisteningpractice, #speakenglishfluently, #englishconversation, #englishforbeginners, #dailyenglish, #englishmindset, #englishlearningtips","In this English podcast for learning English conversation, spend 25 minutes enjoying real English listening practice with Maya and Leo. Learn the casual phrases native speakers use to make weekend plans. Perfect for B1-B2 learners. Subscribe to Speak English With Flow for daily English conversation practice!"
EP#22,CAR-06,Phone Calls in English: How to Understand Everyone clearly,Career & Professional,PHONE CALLS EASY,Icône de téléphone avec ondes sonores nettes,What to say when the connection is bad or they speak too fast on the phone.,"#speakenglishwithflow, #phonecalls, #businessenglish, #englishpodcast, #learnenglishfast, #b1english, #b2english, #englishspeakingpractice, #englishlisteningpractice, #speakenglishfluently, #englishconversation, #englishforbeginners, #dailyenglish, #englishmindset, #englishlearningtips","In this English podcast for learning English conversation, spend 25 minutes enjoying real English listening practice with Maya and Leo. Master phone call etiquette and learn how to ask people to repeat themselves politely. Perfect for B1-B2 learners. Subscribe to Speak English With Flow for daily English conversation practice!"
EP#23,MIND-08,How to Stay Calm When You Forget a Word in English,Mindset & Confidence,FORGOT A WORD?,Maya haussant les épaules en souriant,What to do when your mind goes completely blank in the middle of a sentence.,"#speakenglishwithflow, #forgetaword, #englishfluency, #englishpodcast, #learnenglishfast, #b1english, #b2english, #englishspeakingpractice, #englishlisteningpractice, #speakenglishfluently, #englishconversation, #englishforbeginners, #dailyenglish, #englishmindset, #englishlearningtips","In this English podcast for learning English conversation, spend 25 minutes enjoying real English listening practice with Maya and Leo. Learn the art of paraphrasing so you never get stuck when you forget a word. Perfect for B1-B2 learners. Subscribe to Speak English With Flow for daily English conversation practice!"
EP#24,MIND-09,How to Build Unstoppable Confidence in English in 2026,Mindset & Confidence,UNSTOPPABLE!,Leo avec une posture de leader confiant,Change your relationship with the English language forever and speak boldly.,"#speakenglishwithflow, #unstoppableconfidence, #speakboldly, #englishpodcast, #learnenglishfast, #b1english, #b2english, #englishspeakingpractice, #englishlisteningpractice, #speakenglishfluently, #englishconversation, #englishforbeginners, #dailyenglish, #englishmindset, #englishlearningtips","In this English podcast for learning English conversation, spend 25 minutes enjoying real English listening practice with Maya and Leo. We share the ultimate mindset shift to build unstoppable confidence in your speaking skills. Perfect for B1-B2 learners. Subscribe to Speak English With Flow for daily English conversation practice!"
EP#25,LIFE-08,How to Talk About Your Past and Future Goals in English,Daily Life & Fluency,PAST & FUTURE,Flèche temporelle avec mots clés simples,Expressing your life story naturally without stressing over verb tenses.,"#speakenglishwithflow, #englishgoals, #englishstorytelling, #englishpodcast, #learnenglishfast, #b1english, #b2english, #englishspeakingpractice, #englishlisteningpractice, #speakenglishfluently, #englishconversation, #englishforbeginners, #dailyenglish, #englishmindset, #englishlearningtips","In this English podcast for learning English conversation, spend 25 minutes enjoying real English listening practice with Maya and Leo. Discover how to talk about your past experiences and future dreams smoothly. Perfect for B1-B2 learners. Subscribe to Speak English With Flow for daily English conversation practice!"
EP#26,CAR-07,How to Express Strong Opinions in English Respectfully,Career & Professional,STRONG OPINIONS,Maya discutant avec passion mais respect,Phrases to sound authoritative and confident without sounding aggressive.,"#speakenglishwithflow, #strongopinions, #businessenglish, #englishpodcast, #learnenglishfast, #b1english, #b2english, #englishspeakingpractice, #englishlisteningpractice, #speakenglishfluently, #englishconversation, #englishforbeginners, #dailyenglish, #englishmindset, #englishlearningtips","In this English podcast for learning English conversation, spend 25 minutes enjoying real English listening practice with Maya and Leo. Learn how to state your opinions strongly while maintaining respect in professional settings. Perfect for B1-B2 learners. Subscribe to Speak English With Flow for daily English conversation practice!"
EP#27,MIND-10,How to Stop Feeling Intimidated by Native English Speakers,Mindset & Confidence,NO FEAR!,Poignée de main amicale avec un anglophone natif,Native speakers are human too. Here is how to bridge the cultural gap.,"#speakenglishwithflow, #nativespeakers, #nofear, #englishpodcast, #learnenglishfast, #b1english, #b2english, #englishspeakingpractice, #englishlisteningpractice, #speakenglishfluently, #englishconversation, #englishforbeginners, #dailyenglish, #englishmindset, #englishlearningtips","In this English podcast for learning English conversation, spend 25 minutes enjoying real English listening practice with Maya and Leo. We help you overcome the intimidation factor when speaking with native English speakers. Perfect for B1-B2 learners. Subscribe to Speak English With Flow for daily English conversation practice!"
EP#28,LIFE-09,Travel English: How to Handle Unexpected Problems Abroad,Daily Life & Fluency,TRAVEL ENGLISH,Icône d'avion et de valise,"From lost luggage to wrong restaurant orders, learn how to handle travel issues.","#speakenglishwithflow, #travelenglish, #dailylifeenglish, #englishpodcast, #learnenglishfast, #b1english, #b2english, #englishspeakingpractice, #englishlisteningpractice, #speakenglishfluently, #englishconversation, #englishforbeginners, #dailyenglish, #englishmindset, #englishlearningtips","In this English podcast for learning English conversation, spend 25 minutes enjoying real English listening practice with Maya and Leo. Equip yourself with essential vocabulary to handle unexpected travel problems calmly. Perfect for B1-B2 learners. Subscribe to Speak English With Flow for daily English conversation practice!"
EP#29,CAR-08,How to Be More Persuasive in English | Advanced Conversation,Career & Professional,BE PERSUASIVE,Leo présentant un argument avec clarté,How to win arguments smoothly and persuade people in English.,"#speakenglishwithflow, #persuasiveenglish, #advancedenglish, #englishpodcast, #learnenglishfast, #b1english, #b2english, #englishspeakingpractice, #englishlisteningpractice, #speakenglishfluently, #englishconversation, #englishforbeginners, #dailyenglish, #englishmindset, #englishlearningtips","In this English podcast for learning English conversation, spend 25 minutes enjoying real English listening practice with Maya and Leo. Learn advanced conversational techniques to become more persuasive in your discussions. Perfect for B1-B2 learners. Subscribe to Speak English With Flow for daily English conversation practice!"
EP#30,MIND-11,How to Fix Your Pronunciation Without Losing Your Accent,Mindset & Confidence,CLEAR PRONUNCIATION,Ondes sonores claires sortant de la bouche,Your accent is your identity. Focus on clarity instead of losing it completely.,"#speakenglishwithflow, #englishpronunciation, #englishaccent, #englishpodcast, #learnenglishfast, #b1english, #b2english, #englishspeakingpractice, #englishlisteningpractice, #speakenglishfluently, #englishconversation, #englishforbeginners, #dailyenglish, #englishmindset, #englishlearningtips","In this English podcast for learning English conversation, spend 25 minutes enjoying real English listening practice with Maya and Leo. We explain why your accent is beautiful and how to focus purely on clear pronunciation. Perfect for B1-B2 learners. Subscribe to Speak English With Flow for daily English conversation practice!"
EP#31,LIFE-10,How to Handle Embarrassing Mistakes in English with Humor,Daily Life & Fluency,LAUGH IT OFF,Maya et Leo éclatant de rire,Turn a funny English mistake into a great story instead of feeling ashamed.,"#speakenglishwithflow, #englishmistakes, #laughitoff, #englishpodcast, #learnenglishfast, #b1english, #b2english, #englishspeakingpractice, #englishlisteningpractice, #speakenglishfluently, #englishconversation, #englishforbeginners, #dailyenglish, #englishmindset, #englishlearningtips","In this English podcast for learning English conversation, spend 25 minutes enjoying real English listening practice with Maya and Leo. Discover the power of humor when dealing with embarrassing language mistakes. Perfect for B1-B2 learners. Subscribe to Speak English With Flow for daily English conversation practice!"
EP#32,MIND-12,30-Day English Challenge: How Your English Changed This Month,Mindset & Confidence,CHALLENGE COMPLETE!,Trophée brillant avec le chiffre 30,Celebrating your amazing progress and looking forward to the next step.,"#speakenglishwithflow, #30daychallenge, #englishprogress, #englishpodcast, #learnenglishfast, #b1english, #b2english, #englishspeakingpractice, #englishlisteningpractice, #speakenglishfluently, #englishconversation, #englishforbeginners, #dailyenglish, #englishmindset, #englishlearningtips","In this English podcast for learning English conversation, spend 25 minutes enjoying real English listening practice with Maya and Leo. Let us review the incredible progress you have made over the last 30 days of daily English practice. Perfect for B1-B2 learners. Subscribe to Speak English With Flow for daily English conversation practice!"
EP#33,LIFE-11,Describing Your Feelings in English Beyond 'Happy' and 'Sad',Daily Life & Fluency,REAL EMOTIONS,Maya avec une roue des émotions multicolore,Stop using basic words for complex feelings. Learn real emotional vocabulary.,"#speakenglishwithflow, #englishemotions, #englishvocabulary, #englishpodcast, #learnenglishfast, #b1english, #b2english, #englishspeakingpractice, #englishlisteningpractice, #speakenglishfluently, #englishconversation, #englishforbeginners, #dailyenglish, #englishmindset, #englishlearningtips","In this English podcast for learning English conversation, spend 25 minutes enjoying real English listening practice with Maya and Leo. We explore how to describe your true feelings using advanced emotional vocabulary. Perfect for B1-B2 learners. Subscribe to Speak English With Flow for daily English conversation practice!"
EP#34,CAR-09,How to Network in English Without Sounding Fake,Career & Professional,REAL NETWORKING,Leo échangeant des contacts avec un collègue,Networking feels awkward. Here is how to make genuine professional connections in English.,"#speakenglishwithflow, #englishnetworking, #businessenglish, #englishpodcast, #learnenglishfast, #b1english, #b2english, #englishspeakingpractice, #englishlisteningpractice, #speakenglishfluently, #englishconversation, #englishforbeginners, #dailyenglish, #englishmindset, #englishlearningtips","In this English podcast for learning English conversation, spend 25 minutes enjoying real English listening practice with Maya and Leo. Learn how to network naturally and build real professional relationships. Perfect for B1-B2 learners. Subscribe to Speak English With Flow for daily English conversation practice!"
EP#35,MIND-13,Stop Translating Word for Word | Think in Phrases Instead,Mindset & Confidence,THINK IN CHUNKS!,Blocs de texte s'emboîtant comme un puzzle,Stop reading single words. Start learning chunks and phrases for true fluency.,"#speakenglishwithflow, #thinkinenglish, #learnphrases, #englishpodcast, #learnenglishfast, #b1english, #b2english, #englishspeakingpractice, #englishlisteningpractice, #speakenglishfluently, #englishconversation, #englishforbeginners, #dailyenglish, #englishmindset, #englishlearningtips","In this English podcast for learning English conversation, spend 25 minutes enjoying real English listening practice with Maya and Leo. We teach you how to think in chunks and phrases to speak much faster. Perfect for B1-B2 learners. Subscribe to Speak English With Flow for daily English conversation practice!"
EP#36,LIFE-12,How to Understand British vs American Accents Easily,Daily Life & Fluency,UK VS US ACCENT,Drapeaux UK et US fusionnés derrière Maya et Leo,Water or wa'er? Understand the main differences without getting confused.,"#speakenglishwithflow, #britishvsamerican, #englishaccents, #englishpodcast, #learnenglishfast, #b1english, #b2english, #englishspeakingpractice, #englishlisteningpractice, #speakenglishfluently, #englishconversation, #englishforbeginners, #dailyenglish, #englishmindset, #englishlearningtips","In this English podcast for learning English conversation, spend 25 minutes enjoying real English listening practice with Maya and Leo. We compare British and American accents to improve your global listening skills. Perfect for B1-B2 learners. Subscribe to Speak English With Flow for daily English conversation practice!"
EP#37,CAR-10,How to Ask for a Pay Raise in English Confidently,Career & Professional,GET THAT RAISE!,Leo ajustant sa cravate avec assurance,Asking for money is stressful. Asking in English? We have the perfect script for you.,"#speakenglishwithflow, #salarynegotiation, #businessenglish, #englishpodcast, #learnenglishfast, #b1english, #b2english, #englishspeakingpractice, #englishlisteningpractice, #speakenglishfluently, #englishconversation, #englishforbeginners, #dailyenglish, #englishmindset, #englishlearningtips","In this English podcast for learning English conversation, spend 25 minutes enjoying real English listening practice with Maya and Leo. Learn how to confidently negotiate your salary and ask for a raise. Perfect for B1-B2 learners. Subscribe to Speak English With Flow for daily English conversation practice!"
EP#38,MIND-14,How to Bounce Back After a Bad English Conversation,Mindset & Confidence,BOUNCE BACK!,Maya souriante effaçant un tableau noir de doutes,We all have bad days. Here is how to recover when a conversation goes wrong.,"#speakenglishwithflow, #bounceback, #englishconfidence, #englishpodcast, #learnenglishfast, #b1english, #b2english, #englishspeakingpractice, #englishlisteningpractice, #speakenglishfluently, #englishconversation, #englishforbeginners, #dailyenglish, #englishmindset, #englishlearningtips","In this English podcast for learning English conversation, spend 25 minutes enjoying real English listening practice with Maya and Leo. Discover how to recover your confidence after a frustrating English interaction. Perfect for B1-B2 learners. Subscribe to Speak English With Flow for daily English conversation practice!"
EP#39,LIFE-13,Talking About Hobbies and Passions in English,Daily Life & Fluency,WHAT DO YOU DO?,Leo tenant un appareil photo et Maya un livre,How to talk about what you love doing in your free time with excitement.,"#speakenglishwithflow, #englishhobbies, #dailylifeenglish, #englishpodcast, #learnenglishfast, #b1english, #b2english, #englishspeakingpractice, #englishlisteningpractice, #speakenglishfluently, #englishconversation, #englishforbeginners, #dailyenglish, #englishmindset, #englishlearningtips","In this English podcast for learning English conversation, spend 25 minutes enjoying real English listening practice with Maya and Leo. Learn the best vocabulary to discuss your hobbies and passions enthusiastically. Perfect for B1-B2 learners. Subscribe to Speak English With Flow for daily English conversation practice!"
EP#40,CAR-11,Giving Constructive Feedback in English Without Offending Anyone,Career & Professional,GIVE FEEDBACK,Maya avec un bloc-notes et une expression bienveillante,How to tell someone they made a mistake while staying polite and professional.,"#speakenglishwithflow, #givefeedback, #businessenglish, #englishpodcast, #learnenglishfast, #b1english, #b2english, #englishspeakingpractice, #englishlisteningpractice, #speakenglishfluently, #englishconversation, #englishforbeginners, #dailyenglish, #englishmindset, #englishlearningtips","In this English podcast for learning English conversation, spend 25 minutes enjoying real English listening practice with Maya and Leo. Master the art of delivering constructive feedback gracefully in the workplace. Perfect for B1-B2 learners. Subscribe to Speak English With Flow for daily English conversation practice!"
EP#41,MIND-15,Embracing the Plateau: What to Do When Your English Stops Improving,Mindset & Confidence,BREAK THE PLATEAU,Ligne de progression qui remonte brusquement,Feeling stuck at B1/B2? Here is exactly how to break through the intermediate plateau.,"#speakenglishwithflow, #englishplateau, #englishprogress, #englishpodcast, #learnenglishfast, #b1english, #b2english, #englishspeakingpractice, #englishlisteningpractice, #speakenglishfluently, #englishconversation, #englishforbeginners, #dailyenglish, #englishmindset, #englishlearningtips","In this English podcast for learning English conversation, spend 25 minutes enjoying real English listening practice with Maya and Leo. We discuss the intermediate plateau and how to push your English to the next level. Perfect for B1-B2 learners. Subscribe to Speak English With Flow for daily English conversation practice!"
EP#42,LIFE-14,How to Tell a Funny Story in English (Timing and Vocabulary),Daily Life & Fluency,TELL A STORY!,Leo mimant une scène hilarante avec Maya qui rit,Translating a joke rarely works. Learn how to tell a funny story naturally.,"#speakenglishwithflow, #englishhumor, #storytelling, #englishpodcast, #learnenglishfast, #b1english, #b2english, #englishspeakingpractice, #englishlisteningpractice, #speakenglishfluently, #englishconversation, #englishforbeginners, #dailyenglish, #englishmindset, #englishlearningtips","In this English podcast for learning English conversation, spend 25 minutes enjoying real English listening practice with Maya and Leo. Learn the pacing, timing, and vocabulary to tell a funny and engaging story. Perfect for B1-B2 learners. Subscribe to Speak English With Flow for daily English conversation practice!"
EP#43,CAR-12,How to Write Professional Emails in English Quickly,Career & Professional,FAST EMAILS!,Clavier d'ordinateur avec un bouton 'Send' brillant,Stop spending 20 minutes on one email. Here are the templates you need.,"#speakenglishwithflow, #englishemails, #businessenglish, #englishpodcast, #learnenglishfast, #b1english, #b2english, #englishspeakingpractice, #englishlisteningpractice, #speakenglishfluently, #englishconversation, #englishforbeginners, #dailyenglish, #englishmindset, #englishlearningtips","In this English podcast for learning English conversation, spend 25 minutes enjoying real English listening practice with Maya and Leo. We share practical tips and templates to write professional emails much faster. Perfect for B1-B2 learners. Subscribe to Speak English With Flow for daily English conversation practice!"
EP#44,MIND-16,Stop Comparing Your English to Others on Social Media,Mindset & Confidence,STOP COMPARING,Maya tenant un smartphone affichant un pouce vers le bas,Why comparing your progress to influencers is ruining your motivation.,"#speakenglishwithflow, #stopcomparing, #englishmotivation, #englishpodcast, #learnenglishfast, #b1english, #b2english, #englishspeakingpractice, #englishlisteningpractice, #speakenglishfluently, #englishconversation, #englishforbeginners, #dailyenglish, #englishmindset, #englishlearningtips","In this English podcast for learning English conversation, spend 25 minutes enjoying real English listening practice with Maya and Leo. We tackle the toxic habit of comparison and how to focus on your own journey. Perfect for B1-B2 learners. Subscribe to Speak English With Flow for daily English conversation practice!"
EP#45,LIFE-15,Reflecting on 45 Days of English: The Ultimate Review,Daily Life & Fluency,45 DAYS LATER!,Calendrier géant avec 45 jours cochés,You have been showing up for 45 days. Let's look at how far you have come.,"#speakenglishwithflow, #englishconsistency, #englishreview, #englishpodcast, #learnenglishfast, #b1english, #b2english, #englishspeakingpractice, #englishlisteningpractice, #speakenglishfluently, #englishconversation, #englishforbeginners, #dailyenglish, #englishmindset, #englishlearningtips","In this English podcast for learning English conversation, spend 25 minutes enjoying real English listening practice with Maya and Leo. In this special milestone episode, we review the incredible habits you've built over 45 days. Perfect for B1-B2 learners. Subscribe to Speak English With Flow for daily English conversation practice!"
